{"client_meta":{"background_color":{"r":0.11764705926179886,"g":0.11764705926179886,"b":0.11764705926179886,"a":1},"thumbnail_size":{"width":400,"height":220},"render_coordinates":{"x":1975,"y":0,"width":26398,"height":14504}},"file_name":"Portafolio_sp","developer_related_links":[],"exported_at":"2026-07-02T19:30:43.714Z"}